RegionID,SizeRank,RegionName,RegionType,StateName,BaseDate,12/31/2023,2/29/2024,11/30/2024
102001,0,United States,country,,11/30/2023,0.1,0,0
394913,1,"New York, NY",msa,NY,11/30/2023,0.1,-0.5,-2.9
753899,2,"Los Angeles, CA",msa,CA,11/30/2023,0.3,-1,-2.2
394463,3,"Chicago, IL",msa,IL,11/30/2023,0.1,-0.3,-2.2
394514,4,"Dallas, TX",msa,TX,11/30/2023,-0.2,-0.8,-0.8
394692,5,"Houston, TX",msa,TX,11/30/2023,-0.3,-1.1,-2
395209,6,"Washington, DC",msa,VA,11/30/2023,0,-0.5,-2.6
394974,7,"Philadelphia, PA",msa,PA,11/30/2023,0.1,-0.1,-0.7
394856,8,"Miami, FL",msa,FL,11/30/2023,0.4,0.4,1.9
394347,9,"Atlanta, GA",msa,GA,11/30/2023,0,-0.2,1.1
394404,10,"Boston, MA",msa,MA,11/30/2023,0.2,-0.1,-1.3
394976,11,"Phoenix, AZ",msa,AZ,11/30/2023,-0.1,-1.1,0.4
395057,12,"San Francisco, CA",msa,CA,11/30/2023,-0.3,-1.6,-4.8
395025,13,"Riverside, CA",msa,CA,11/30/2023,0.2,-0.5,-0.4
394532,14,"Detroit, MI",msa,MI,11/30/2023,0.1,-0.2,-1.1
395078,15,"Seattle, WA",msa,WA,11/30/2023,0,-0.7,-1.6
394865,16,"Minneapolis, MN",msa,MN,11/30/2023,-0.2,-0.9,-3
395056,17,"San Diego, CA",msa,CA,11/30/2023,0.2,-0.3,0.1
395148,18,"Tampa, FL",msa,FL,11/30/2023,0,-0.6,1.5
394530,19,"Denver, CO",msa,CO,11/30/2023,-0.1,-0.7,-1.8
394358,20,"Baltimore, MD",msa,MD,11/30/2023,-0.1,-0.8,-2.9
395121,21,"St. Louis, MO",msa,MO,11/30/2023,-0.1,-0.5,-1.4
394943,22,"Orlando, FL",msa,FL,11/30/2023,0,-0.4,0.8
394458,23,"Charlotte, NC",msa,NC,11/30/2023,0.1,-0.3,1.2
395055,24,"San Antonio, TX",msa,TX,11/30/2023,-0.5,-1.2,-2.1
394998,25,"Portland, OR",msa,OR,11/30/2023,-0.2,-0.8,-2.5
395045,26,"Sacramento, CA",msa,CA,11/30/2023,-0.1,-0.9,-2.4
394982,27,"Pittsburgh, PA",msa,PA,11/30/2023,-0.1,-0.6,-2.1
394466,28,"Cincinnati, OH",msa,OH,11/30/2023,0,-0.3,-0.2
394355,29,"Austin, TX",msa,TX,11/30/2023,-0.9,-2.5,-2.1
394775,30,"Las Vegas, NV",msa,NV,11/30/2023,0.1,-0.6,-1.3
394735,31,"Kansas City, MO",msa,MO,11/30/2023,0,-0.3,-0.4
394492,32,"Columbus, OH",msa,OH,11/30/2023,0.1,0,0.5
394705,34,"Indianapolis, IN",msa,IN,11/30/2023,-0.1,-0.1,0.7
394475,35,"Cleveland, OH",msa,OH,11/30/2023,0.2,0.1,-0.4
395059,36,"San Jose, CA",msa,CA,11/30/2023,0.3,-2.8,-6.1
394902,37,"Nashville, TN",msa,TN,11/30/2023,-0.1,-0.6,-0.3
395194,38,"Virginia Beach, VA",msa,VA,11/30/2023,0,-0.2,-1.1
395005,39,"Providence, RI",msa,RI,11/30/2023,0.3,0.1,0.2
394714,40,"Jacksonville, FL",msa,FL,11/30/2023,-0.1,-0.7,0.3
394862,41,"Milwaukee, WI",msa,WI,11/30/2023,0.1,-0.1,-0.8
394935,42,"Oklahoma City, OK",msa,OK,11/30/2023,0.1,-0.2,-0.3
395012,43,"Raleigh, NC",msa,NC,11/30/2023,-0.2,-0.8,0
394849,44,"Memphis, TN",msa,TN,11/30/2023,-0.3,-0.6,0.1
395022,45,"Richmond, VA",msa,VA,11/30/2023,0,-0.2,-0.4
394807,46,"Louisville, KY",msa,KY,11/30/2023,0.1,-0.3,-1.3
394910,47,"New Orleans, LA",msa,LA,11/30/2023,-0.8,-2,-6
395053,48,"Salt Lake City, UT",msa,UT,11/30/2023,0,-0.4,0.3
394669,49,"Hartford, CT",msa,CT,11/30/2023,0.4,0.6,0.7
394425,50,"Buffalo, NY",msa,NY,11/30/2023,0.1,-0.3,-0.2
394388,51,"Birmingham, AL",msa,AL,11/30/2023,-0.2,-0.6,-0.7
395031,52,"Rochester, NY",msa,NY,11/30/2023,0,-0.4,0.3
394640,53,"Grand Rapids, MI",msa,MI,11/30/2023,0.1,-0.1,0.1
395167,54,"Tucson, AZ",msa,AZ,11/30/2023,0,-0.7,0.3
753924,55,"Urban Honolulu, HI",msa,HI,11/30/2023,-0.2,-0.7,-3.1
395169,56,"Tulsa, OK",msa,OK,11/30/2023,0.3,0.2,0.2
394619,57,"Fresno, CA",msa,CA,11/30/2023,-0.1,-0.6,-1.1
395238,58,"Worcester, MA",msa,MA,11/30/2023,0.3,0.3,0.5
394938,59,"Omaha, NE",msa,NE,11/30/2023,-0.1,-0.2,-0.1
394415,60,"Bridgeport, CT",msa,CT,11/30/2023,0.4,0.3,-0.4
394653,61,"Greenville, SC",msa,SC,11/30/2023,0.1,-0.1,0.4
394312,62,"Albuquerque, NM",msa,NM,11/30/2023,0.2,0.2,1.8
394357,63,"Bakersfield, CA",msa,CA,11/30/2023,0.1,-0.3,0
394308,64,"Albany, NY",msa,NY,11/30/2023,0,-0.6,-1.7
394753,65,"Knoxville, TN",msa,TN,11/30/2023,0.3,0.5,3.6
394367,66,"Baton Rouge, LA",msa,LA,11/30/2023,-0.3,-0.9,-3.6
394843,67,"McAllen, TX",msa,TX,11/30/2023,0.6,0.6,2.2
394908,68,"New Haven, CT",msa,CT,11/30/2023,0.5,0.7,1.5
394561,69,"El Paso, TX",msa,TX,11/30/2023,0,-0.5,0
394318,70,"Allentown, PA",msa,PA,11/30/2023,0.1,-0.1,0.1
394952,71,"Oxnard, CA",msa,CA,11/30/2023,0,-0.7,-1.9
394486,72,"Columbia, SC",msa,SC,11/30/2023,0.2,0.1,0.7
753906,73,"North Port, FL",msa,FL,11/30/2023,-0.4,-1.3,0.8
394457,75,"Charleston, SC",msa,SC,11/30/2023,0.2,-0.1,0.6
394648,76,"Greensboro, NC",msa,NC,11/30/2023,0.1,0.1,1
395134,77,"Stockton, CA",msa,CA,11/30/2023,0,-0.7,-1.8
394440,78,"Cape Coral, FL",msa,FL,11/30/2023,-0.4,-1.3,0.6
394399,79,"Boise City, ID",msa,ID,11/30/2023,0.1,-0.4,1.3
394484,80,"Colorado Springs, CO",msa,CO,11/30/2023,-0.3,-0.9,-1.4
394798,81,"Little Rock, AR",msa,AR,11/30/2023,0,-0.6,-2.1
394766,82,"Lakeland, FL",msa,FL,11/30/2023,-0.2,-0.8,1
394304,83,"Akron, OH",msa,OH,11/30/2023,0,-0.4,-0.9
394531,84,"Des Moines, IA",msa,IA,11/30/2023,0,-0.6,-2.4
395115,85,"Springfield, MA",msa,MA,11/30/2023,0.2,0.1,-0.2
394931,87,"Ogden, UT",msa,UT,11/30/2023,0.2,-0.1,1.3
394816,88,"Madison, WI",msa,WI,11/30/2023,0,-0.4,-1.1
395235,89,"Winston, NC",msa,NC,11/30/2023,0.2,0.1,1.1
394528,90,"Deltona, FL",msa,FL,11/30/2023,-0.1,-0.9,0.3
395143,91,"Syracuse, NY",msa,NY,11/30/2023,0.3,0.3,0.8
395006,92,"Provo, UT",msa,UT,11/30/2023,0.2,0.1,0.8
395160,93,"Toledo, OH",msa,OH,11/30/2023,0.3,0.3,-0.3
395224,94,"Wichita, KS",msa,KS,11/30/2023,-0.3,-0.7,-0.6
394549,95,"Durham, NC",msa,NC,11/30/2023,0.1,-0.3,0.8
394352,96,"Augusta, GA",msa,GA,11/30/2023,0,-0.3,0.3
394957,97,"Palm Bay, FL",msa,FL,11/30/2023,0,-0.5,0.7
394711,98,"Jackson, MS",msa,MS,11/30/2023,-0.6,-1.3,-2.7
394666,99,"Harrisburg, PA",msa,PA,11/30/2023,-0.1,-0.6,-1
395113,100,"Spokane, WA",msa,WA,11/30/2023,-0.2,-0.8,0.7
395075,101,"Scranton, PA",msa,PA,11/30/2023,0.1,-0.2,-0.3
394460,102,"Chattanooga, TN",msa,TN,11/30/2023,0.1,0.2,1.5
394871,103,"Modesto, CA",msa,CA,11/30/2023,0.1,-0.4,-1.1
394768,104,"Lancaster, PA",msa,PA,11/30/2023,0.1,-0.1,-0.2
394997,105,"Portland, ME",msa,ME,11/30/2023,0.1,0.1,1.6
395245,106,"Youngstown, OH",msa,OH,11/30/2023,0,-0.2,0
394770,107,"Lansing, MI",msa,MI,11/30/2023,0.1,-0.2,-0.9
394590,108,"Fayetteville, AR",msa,AR,11/30/2023,0,-0.3,1.5
394589,109,"Fayetteville, NC",msa,NC,11/30/2023,0.2,0.2,1.7
394792,110,"Lexington, KY",msa,KY,11/30/2023,0.1,-0.1,-0.1
394971,111,"Pensacola, FL",msa,FL,11/30/2023,0,0,1.7
395068,112,"Santa Rosa, CA",msa,CA,11/30/2023,-0.3,-1.4,-4.7
395019,113,"Reno, NV",msa,NV,11/30/2023,-0.1,-0.8,-1.8
394698,114,"Huntsville, AL",msa,AL,11/30/2023,-0.1,-0.4,1.1
394995,115,"Port St. Lucie, FL",msa,FL,11/30/2023,0.1,-0.2,1.8
394761,116,"Lafayette, LA",msa,LA,11/30/2023,-0.4,-1.5,-5.9
394898,117,"Myrtle Beach, SC",msa,SC,11/30/2023,-0.2,-1,0.3
395116,118,"Springfield, MO",msa,MO,11/30/2023,-0.1,-0.5,0.7
395195,119,"Visalia, CA",msa,CA,11/30/2023,-0.1,-0.7,-1
394746,120,"Killeen, TX",msa,TX,11/30/2023,-0.5,-1.5,-0.5
394338,121,"Asheville, NC",msa,NC,11/30/2023,0.2,0.1,0.6
395244,122,"York, PA",msa,PA,11/30/2023,0,-0.2,-0.3
395183,123,"Vallejo, CA",msa,CA,11/30/2023,-0.2,-1.1,-3.2
753917,124,"Santa Maria, CA",msa,CA,11/30/2023,0.2,-0.3,0.6
395050,125,"Salinas, CA",msa,CA,11/30/2023,0.1,-0.3,-0.8
395048,126,"Salem, OR",msa,OR,11/30/2023,-0.1,-0.5,-1.1
394870,127,"Mobile, AL",msa,AL,11/30/2023,0.1,-0.1,-0.3
395015,128,"Reading, PA",msa,PA,11/30/2023,0.1,0,0.3
394502,129,"Corpus Christi, TX",msa,TX,11/30/2023,-0.4,-1.1,-3.2
394421,130,"Brownsville, TX",msa,TX,11/30/2023,-0.4,-1.1,-0.5
394820,131,"Manchester, NH",msa,NH,11/30/2023,0.1,0,1
394612,132,"Fort Wayne, IN",msa,IN,11/30/2023,0.1,0,1.1
394658,133,"Gulfport, MS",msa,MS,11/30/2023,-0.1,-0.7,-1.6
395051,134,"Salisbury, MD",msa,DE,11/30/2023,-0.2,-0.5,-0.1
394596,135,"Flint, MI",msa,MI,11/30/2023,0.1,0.3,0.6
394972,136,"Peoria, IL",msa,IL,11/30/2023,0.2,-0.4,-2.6
394439,137,"Canton, OH",msa,OH,11/30/2023,0.1,-0.3,-0.9
395070,138,"Savannah, GA",msa,GA,11/30/2023,0.3,0.4,2
394327,139,"Anchorage, AK",msa,AK,11/30/2023,-0.4,-1.3,-3.9
394372,140,"Beaumont, TX",msa,TX,11/30/2023,-0.5,-1.8,-5.7
395096,141,"Shreveport, LA",msa,LA,11/30/2023,0.2,-0.7,-4.9
395164,142,"Trenton, NJ",msa,NJ,11/30/2023,0.2,0.2,0.4
394875,143,"Montgomery, AL",msa,AL,11/30/2023,0.1,-0.2,-1.1
394520,144,"Davenport, IA",msa,IL,11/30/2023,0,-0.8,-3.4
395146,145,"Tallahassee, FL",msa,FL,11/30/2023,0.1,0,0
394576,146,"Eugene, OR",msa,OR,11/30/2023,-0.2,-0.7,-0.7
394901,147,"Naples, FL",msa,FL,11/30/2023,0,-0.5,2
394332,148,"Ann Arbor, MI",msa,MI,11/30/2023,-0.1,-0.7,-3
394927,149,"Ocala, FL",msa,FL,11/30/2023,-0.2,-0.8,1.5
394679,150,"Hickory, NC",msa,NC,11/30/2023,0.2,0.5,2.5
394697,151,"Huntington, WV",msa,OH,11/30/2023,0.1,-0.2,-2.8
394602,152,"Fort Collins, CO",msa,CO,11/30/2023,-0.3,-1.1,-2.6
395033,153,"Rockford, IL",msa,IL,11/30/2023,0.6,0.8,1.1
394796,154,"Lincoln, NE",msa,NE,11/30/2023,-0.2,-0.5,-1.2
394622,155,"Gainesville, FL",msa,FL,11/30/2023,0.1,0.1,0.7
394405,156,"Boulder, CO",msa,CO,11/30/2023,-0.3,-1,-2.2
394646,157,"Green Bay, WI",msa,WI,11/30/2023,0,0,0.5
394488,158,"Columbus, GA",msa,GA,11/30/2023,0.2,0,-0.1
395107,159,"South Bend, IN",msa,IN,11/30/2023,0,0.1,0.8
395109,160,"Spartanburg, SC",msa,SC,11/30/2023,0.2,0.1,1.4
394645,161,"Greeley, CO",msa,CO,11/30/2023,-0.4,-1.3,-2.8
394808,162,"Lubbock, TX",msa,TX,11/30/2023,-0.4,-1.2,-3.5
394471,163,"Clarksville, TN",msa,TN,11/30/2023,0,-0.2,1.4
395028,164,"Roanoke, VA",msa,VA,11/30/2023,0.2,0,0.3
394579,165,"Evansville, IN",msa,IN,11/30/2023,0,-0.3,-0.8
394747,167,"Kingsport, TN",msa,TN,11/30/2023,0.5,0.8,2.4
394741,168,"Kennewick, WA",msa,WA,11/30/2023,-0.2,-0.4,-0.2
395179,169,"Utica, NY",msa,NY,11/30/2023,0.3,0.4,0.5
394660,170,"Hagerstown, MD",msa,MD,11/30/2023,0.1,-0.2,-0.2
394543,171,"Duluth, MN",msa,MN,11/30/2023,0,-0.2,-0.4
394937,172,"Olympia, WA",msa,WA,11/30/2023,0,-0.5,0
394803,173,"Longview, TX",msa,TX,11/30/2023,-0.4,-1,-2.4
395229,174,"Wilmington, NC",msa,NC,11/30/2023,0.1,-0.1,1.5
395061,175,"San Luis Obispo, CA",msa,CA,11/30/2023,0,-1,-2
753875,176,"Crestview, FL",msa,FL,11/30/2023,-0.3,-1,0.1
394851,177,"Merced, CA",msa,CA,11/30/2023,-0.1,-0.9,-0.9
395197,178,"Waco, TX",msa,TX,11/30/2023,-0.4,-1,0.2
394447,179,"Cedar Rapids, IA",msa,IA,11/30/2023,-0.1,-1,-2.9
394348,180,"Atlantic City, NJ",msa,NJ,11/30/2023,0.3,0.7,3.2
394412,181,"Bremerton, WA",msa,WA,11/30/2023,-0.3,-1.3,-2
395103,182,"Sioux Falls, SD",msa,SD,11/30/2023,0.1,-0.2,-0.4
395065,183,"Santa Cruz, CA",msa,CA,11/30/2023,-0.5,-1.7,-3.2
394572,184,"Erie, PA",msa,PA,11/30/2023,0.1,-0.3,-0.7
394924,185,"Norwich, CT",msa,CT,11/30/2023,0.2,0.4,0.8
394323,186,"Amarillo, TX",msa,TX,11/30/2023,-0.1,-0.7,-1.5
394772,187,"Laredo, TX",msa,TX,11/30/2023,-1,-2.4,-4.6
395171,188,"Tuscaloosa, AL",msa,AL,11/30/2023,-0.2,-0.8,-1.7
394483,189,"College Station, TX",msa,TX,11/30/2023,-0.3,-1.1,-3.3
394732,190,"Kalamazoo, MI",msa,MI,11/30/2023,-0.1,-0.3,-0.7
394811,191,"Lynchburg, VA",msa,VA,11/30/2023,0.1,-0.1,0.1
394455,192,"Charleston, WV",msa,WV,11/30/2023,0,-0.4,-2
395240,193,"Yakima, WA",msa,WA,11/30/2023,0,0,0.5
394585,194,"Fargo, ND",msa,ND,11/30/2023,-0.4,-1.1,-3.8
394387,195,"Binghamton, NY",msa,NY,11/30/2023,0.4,0.3,0
394609,196,"Fort Smith, AR",msa,AR,11/30/2023,0.2,0.1,-0.2
394334,197,"Appleton, WI",msa,WI,11/30/2023,0,-0.2,0.2
395161,199,"Topeka, KS",msa,KS,11/30/2023,0,-0.5,-0.1
394813,200,"Macon, GA",msa,GA,11/30/2023,0.2,0.2,1.5
395174,201,"Tyler, TX",msa,TX,11/30/2023,-0.2,-0.4,0.1
394361,202,"Barnstable Town, MA",msa,MA,11/30/2023,0.2,-0.2,1.1
394519,203,"Daphne, AL",msa,AL,11/30/2023,-0.2,-0.5,0.6
394378,205,"Bellingham, WA",msa,WA,11/30/2023,0,-0.4,-0.2
394429,206,"Burlington, VT",msa,VT,11/30/2023,-0.1,-0.5,-0.7
395030,207,"Rochester, MN",msa,MN,11/30/2023,-0.2,-0.7,-2.1
753895,208,"Lafayette, IN",msa,IN,11/30/2023,0.2,0.2,0.6
394454,209,"Champaign, IL",msa,IL,11/30/2023,0.2,-0.3,-2.7
394848,210,"Medford, OR",msa,OR,11/30/2023,-0.3,-1.1,-3.1
394459,212,"Charlottesville, VA",msa,VA,11/30/2023,0.1,-0.3,-1.3
394763,213,"Lake Charles, LA",msa,LA,11/30/2023,-1.1,-3.4,-10.4
394773,214,"Las Cruces, NM",msa,NM,11/30/2023,-0.1,-0.4,0.6
394464,215,"Chico, CA",msa,CA,11/30/2023,-0.6,-2,-4.3
394681,216,"Hilton Head Island, SC",msa,SC,11/30/2023,0.1,-0.1,1.7
394346,217,"Athens, GA",msa,GA,11/30/2023,0.3,0.8,2.6
394765,218,"Lake Havasu City, AZ",msa,AZ,11/30/2023,-0.3,-1.2,-0.2
394485,219,"Columbia, MO",msa,MO,11/30/2023,-0.3,-0.9,-1
395114,220,"Springfield, IL",msa,IL,11/30/2023,0.2,-0.7,-3.5
394691,221,"Houma, LA",msa,LA,11/30/2023,0.1,-1.1,-6.9
394872,222,"Monroe, LA",msa,LA,11/30/2023,-0.1,-1.3,-4.9
394565,223,"Elkhart, IN",msa,IN,11/30/2023,-0.1,-0.4,-0.5
394726,224,"Johnson City, TN",msa,TN,11/30/2023,0.4,0.7,2.7
395247,225,"Yuma, AZ",msa,AZ,11/30/2023,0,-0.2,1.8
394623,226,"Gainesville, GA",msa,GA,11/30/2023,0.1,0.1,2
394716,227,"Jacksonville, NC",msa,NC,11/30/2023,0.2,0.4,2
394597,228,"Florence, SC",msa,SC,11/30/2023,0.5,0.5,-0.1
394680,229,"Hilo, HI",msa,HI,11/30/2023,-0.2,-0.7,-0.7
395118,230,"St. Cloud, MN",msa,MN,11/30/2023,0,-0.2,-0.9
395011,231,"Racine, WI",msa,WI,11/30/2023,0.1,0.1,-0.4
394380,232,"Bend, OR",msa,OR,11/30/2023,-0.1,-0.7,0.2
395047,233,"Saginaw, MI",msa,MI,11/30/2023,0.3,0.9,2.2
395202,234,"Warner Robins, GA",msa,GA,11/30/2023,0.2,0,0.8
395151,235,"Terre Haute, IN",msa,IN,11/30/2023,-0.1,-0.4,-0.6
395162,236,"Torrington, CT",msa,CT,11/30/2023,0.4,0.6,1.3
395009,237,"Punta Gorda, FL",msa,FL,11/30/2023,-0.5,-1.5,0.6
394386,239,"Billings, MT",msa,MT,11/30/2023,-0.2,-0.5,0
395018,240,"Redding, CA",msa,CA,11/30/2023,-0.3,-1,-2.1
394748,241,"Kingston, NY",msa,NY,11/30/2023,0.3,0.4,2.3
394960,242,"Panama City, FL",msa,FL,11/30/2023,-0.2,-0.2,1.2
394729,243,"Joplin, MO",msa,MO,11/30/2023,0,0,1.1
394539,244,"Dover, DE",msa,DE,11/30/2023,0.4,0.4,0.9
394559,245,"El Centro, CA",msa,CA,11/30/2023,0.2,-0.2,-0.6
394712,246,"Jackson, TN",msa,TN,11/30/2023,-0.1,-0.4,0.7
395246,247,"Yuba City, CA",msa,CA,11/30/2023,-0.1,-0.8,-1.3
394406,248,"Bowling Green, KY",msa,KY,11/30/2023,0.1,0,0.1
395119,249,"St. George, UT",msa,UT,11/30/2023,-0.3,-1.2,0.1
394896,250,"Muskegon, MI",msa,MI,11/30/2023,0.2,0.3,1.2
394299,251,"Abilene, TX",msa,TX,11/30/2023,-0.2,-0.5,-2.1
394707,252,"Iowa City, IA",msa,IA,11/30/2023,-0.1,-1,-3.4
394351,253,"Auburn, AL",msa,AL,11/30/2023,-0.1,-0.6,-1.3
394860,254,"Midland, TX",msa,TX,11/30/2023,-0.2,-1.5,-5.6
394671,255,"Hattiesburg, MS",msa,MS,11/30/2023,-0.4,-1.3,-3.3
753869,255,"Bloomington, IL",msa,IL,11/30/2023,0.1,-0.4,-2.1
394944,257,"Oshkosh, WI",msa,WI,11/30/2023,-0.1,-0.3,-0.6
394555,258,"Eau Claire, WI",msa,WI,11/30/2023,-0.1,-0.4,-0.3
394651,259,"Greenville, NC",msa,NC,11/30/2023,0.1,-0.1,1.5
394428,260,"Burlington, NC",msa,NC,11/30/2023,0.2,0.2,2
395210,261,"Waterloo, IA",msa,IA,11/30/2023,-0.1,-1.2,-3.1
394480,262,"Coeur d'Alene, ID",msa,ID,11/30/2023,-0.5,-0.9,2
394553,263,"East Stroudsburg, PA",msa,PA,11/30/2023,0.3,0.3,3.1
395007,264,"Pueblo, CO",msa,CO,11/30/2023,-0.5,-1.4,-0.5
394392,265,"Blacksburg, VA",msa,VA,11/30/2023,0,-0.4,-0.8
395215,266,"Wausau, WI",msa,WI,11/30/2023,-0.1,-0.4,-0.9
394731,267,"Kahului, HI",msa,HI,11/30/2023,-0.5,-0.9,0.1
394720,268,"Janesville, WI",msa,WI,11/30/2023,0.1,0.2,0.3
395170,269,"Tupelo, MS",msa,MS,11/30/2023,-0.2,-0.9,-3.3
394393,270,"Bloomington, IN",msa,IN,11/30/2023,-0.2,-0.6,-0.5
394930,271,"Odessa, TX",msa,TX,11/30/2023,-0.3,-1.7,-5.4
394710,272,"Jackson, MI",msa,MI,11/30/2023,0.2,0.4,-0.6
395125,273,"State College, PA",msa,PA,11/30/2023,-0.1,-0.8,-2.6
395079,274,"Sebastian, FL",msa,FL,11/30/2023,0,-0.6,0.7
394814,275,"Madera, CA",msa,CA,11/30/2023,0.1,-0.5,-0.6
394523,276,"Decatur, AL",msa,AL,11/30/2023,-0.1,-0.3,-0.1
394453,277,"Chambersburg, PA",msa,PA,11/30/2023,-0.1,-0.7,-1.4
395193,278,"Vineland, NJ",msa,NJ,11/30/2023,0.3,0.2,1.9
394703,279,"Idaho Falls, ID",msa,ID,11/30/2023,-0.2,-1,1.2
394639,280,"Grand Junction, CO",msa,CO,11/30/2023,0,-0.1,0.3
394563,281,"Elizabethtown, KY",msa,KY,11/30/2023,0.1,-0.1,0.1
394917,282,"Niles, MI",msa,MI,11/30/2023,0,0,0
394873,283,"Monroe, MI",msa,MI,11/30/2023,0.1,-0.1,-1.9
395066,284,"Santa Fe, NM",msa,NM,11/30/2023,0.1,-0.2,0.8
394493,285,"Concord, NH",msa,NH,11/30/2023,0.3,0.4,1.8
394314,286,"Alexandria, LA",msa,LA,11/30/2023,-0.6,-1.2,-5.6
395163,287,"Traverse City, MI",msa,MI,11/30/2023,-0.1,-0.2,0.9
394359,288,"Bangor, ME",msa,ME,11/30/2023,0,0.1,1.5
394685,289,"Homosassa Springs, FL",msa,FL,11/30/2023,-0.1,-0.7,1.5
394662,290,"Hanford, CA",msa,CA,11/30/2023,0,-0.5,-0.7
394723,291,"Jefferson City, MO",msa,MO,11/30/2023,0,-0.2,-1.1
394598,292,"Florence, AL",msa,AL,11/30/2023,0.4,0.6,0.7
394537,293,"Dothan, AL",msa,AL,11/30/2023,0.3,0.3,-0.9
394802,294,"London, KY",msa,KY,11/30/2023,-0.2,-0.5,-0.9
394306,295,"Albany, GA",msa,GA,11/30/2023,0,-0.2,0.6
395102,297,"Sioux City, IA",msa,IA,11/30/2023,-0.1,-0.9,-1.9
395223,298,"Wichita Falls, TX",msa,TX,11/30/2023,0,-0.2,0.5
395152,299,"Texarkana, TX",msa,TX,11/30/2023,-0.1,-1.3,-3.2
395182,300,"Valdosta, GA",msa,GA,11/30/2023,0.2,0.3,1.1
394800,301,"Logan, UT",msa,UT,11/30/2023,0,-0.5,1.7
394595,302,"Flagstaff, AZ",msa,AZ,11/30/2023,-0.1,-0.6,1.3
395036,303,"Rocky Mount, NC",msa,NC,11/30/2023,0.4,0.8,2.7
395000,304,"Pottsville, PA",msa,PA,11/30/2023,0.5,0.8,2.2
394515,305,"Dalton, GA",msa,GA,11/30/2023,0.5,0.6,1.6
394783,306,"Lebanon, PA",msa,PA,11/30/2023,0,-0.3,-0.5
394880,307,"Morristown, TN",msa,TN,11/30/2023,0.3,0.7,2.6
395232,308,"Winchester, VA",msa,VA,11/30/2023,0.1,-0.2,-0.6
395221,309,"Wheeling, WV",msa,OH,11/30/2023,-0.3,-1,-4.2
394879,310,"Morgantown, WV",msa,WV,11/30/2023,-0.1,-0.8,-3.7
394756,311,"La Crosse, WI",msa,WI,11/30/2023,-0.1,-0.5,-1.1
394900,312,"Napa, CA",msa,CA,11/30/2023,-0.4,-1.5,-3.8
395013,313,"Rapid City, SD",msa,SD,11/30/2023,-0.1,-0.5,0.5
395139,314,"Sumter, SC",msa,SC,11/30/2023,-0.2,-0.6,-1.8
394577,315,"Eureka, CA",msa,CA,11/30/2023,-0.7,-2.4,-5.8
395117,316,"Springfield, OH",msa,OH,11/30/2023,0.3,0.4,1.3
394668,317,"Harrisonburg, VA",msa,VA,11/30/2023,-0.2,-0.6,-1.1
394368,318,"Battle Creek, MI",msa,MI,11/30/2023,0.2,0.3,1
395094,319,"Sherman, TX",msa,TX,11/30/2023,-0.3,-0.6,0
394821,320,"Manhattan, KS",msa,KS,11/30/2023,-0.2,-1,-3.3
394442,321,"Carbondale, IL",msa,IL,11/30/2023,-0.1,-0.5,-3.2
394727,322,"Johnstown, PA",msa,PA,11/30/2023,-1.1,-1.8,-5.8
394728,323,"Jonesboro, AR",msa,AR,11/30/2023,-0.1,-0.2,-1.2
394390,324,"Bismarck, ND",msa,ND,11/30/2023,-0.3,-1.2,-4
394661,325,"Hammond, LA",msa,LA,11/30/2023,-0.4,-1,-4.2
394983,326,"Pittsfield, MA",msa,MA,11/30/2023,0.2,0.2,1.4
394890,327,"Mount Vernon, WA",msa,WA,11/30/2023,0,-0.5,-0.4
394719,328,"Jamestown, NY",msa,NY,11/30/2023,0.1,0,1.2
395153,329,"The Villages, FL",msa,FL,11/30/2023,-0.6,-2.3,-2.6
394307,330,"Albany, OR",msa,OR,11/30/2023,0,-0.2,0.2
394633,331,"Glens Falls, NY",msa,NY,11/30/2023,0.2,0,-0.3
394780,332,"Lawton, OK",msa,OK,11/30/2023,0.2,-0.3,-1.4
394474,334,"Cleveland, TN",msa,TN,11/30/2023,0.4,0.6,2.3
395098,335,"Sierra Vista, AZ",msa,AZ,11/30/2023,0,-0.3,0.1
394325,336,"Ames, IA",msa,IA,11/30/2023,-0.4,-1.2,-3.4
394824,337,"Mansfield, OH",msa,OH,11/30/2023,0.3,0.4,1.4
395128,338,"Staunton, VA",msa,VA,11/30/2023,0.1,0,-0.6
394353,339,"Augusta, ME",msa,ME,11/30/2023,0.3,0.6,3.8
394321,340,"Altoona, PA",msa,PA,11/30/2023,0.1,-0.8,-4.8
394905,341,"New Bern, NC",msa,NC,11/30/2023,0.1,0,1.1
394588,342,"Farmington, NM",msa,NM,11/30/2023,0.4,0,-2.2
395120,343,"St. Joseph, MO",msa,MO,11/30/2023,-0.2,-0.8,-2
395054,344,"San Angelo, TX",msa,TX,11/30/2023,-0.3,-0.7,-1
395218,345,"Wenatchee, WA",msa,WA,11/30/2023,-0.2,-0.4,-0.6
394949,346,"Owensboro, KY",msa,KY,11/30/2023,0.2,0,-0.5
753890,347,"Holland, MI",msa,MI,11/30/2023,0.2,0.1,-0.1
394810,348,"Lumberton, NC",msa,NC,11/30/2023,-0.1,0.1,1.5
394778,349,"Lawrence, KS",msa,KS,11/30/2023,0,-0.3,-0.4
394635,350,"Goldsboro, NC",msa,NC,11/30/2023,0,-0.3,-1.1
395213,351,"Watertown, NY",msa,NY,11/30/2023,0.4,0.1,-1
395089,352,"Sheboygan, WI",msa,WI,11/30/2023,0.2,0.2,0.4
395217,353,"Weirton, WV",msa,OH,11/30/2023,0.2,0.4,-0.5
394867,354,"Missoula, MT",msa,MT,11/30/2023,-0.4,-1.4,0.9
394407,356,"Bozeman, MT",msa,MT,11/30/2023,0,-0.7,0.1
394333,357,"Anniston, AL",msa,AL,11/30/2023,-0.1,-0.4,-2.1
394374,358,"Beckley, WV",msa,WV,11/30/2023,0.7,1.5,2.2
395225,359,"Williamsport, PA",msa,PA,11/30/2023,-0.1,-0.7,-2.5
394423,360,"Brunswick, GA",msa,GA,11/30/2023,0.1,0.2,1.2
395173,361,"Twin Falls, ID",msa,ID,11/30/2023,-0.1,-0.4,2.2
753872,361,"California, MD",msa,MD,11/30/2023,-0.3,-1,-3.1
394495,363,"Cookeville, TN",msa,TN,11/30/2023,0,0.3,1.9
394893,364,"Muncie, IN",msa,IN,11/30/2023,-0.3,-0.4,0.2
394857,365,"Michigan City, IN",msa,IN,11/30/2023,-0.3,-0.5,-0.1
395039,366,"Roseburg, OR",msa,OR,11/30/2023,-0.1,-0.5,-0.1
394788,367,"Lewiston, ME",msa,ME,11/30/2023,0.3,0.5,3.2
394804,368,"Longview, WA",msa,WA,11/30/2023,-0.1,-0.4,0.1
394932,369,"Ogdensburg, NY",msa,NY,11/30/2023,0.3,-0.4,-1.2
394734,370,"Kankakee, IL",msa,IL,11/30/2023,0.1,-0.1,-1.1
394396,371,"Bluefield, WV",msa,VA,11/30/2023,0.2,0.2,0.6
395095,372,"Show Low, AZ",msa,AZ,11/30/2023,-0.2,-0.9,1.6
395023,373,"Richmond, KY",msa,KY,11/30/2023,0.3,0.3,-0.1
395168,374,"Tullahoma, TN",msa,TN,11/30/2023,0.1,0.3,2.8
395222,375,"Whitewater, WI",msa,WI,11/30/2023,0,0,0.2
394709,376,"Ithaca, NY",msa,NY,11/30/2023,0.1,-0.6,-1.6
394637,377,"Grand Forks, ND",msa,MN,11/30/2023,-0.5,-1.8,-5.6
394524,378,"Decatur, IL",msa,IL,11/30/2023,0.5,0.5,-1.7
394762,379,"LaGrange, GA",msa,GA,11/30/2023,0.3,0.6,1.8
394369,380,"Bay City, MI",msa,MI,11/30/2023,0.4,0.5,1.1
394599,381,"Fond du Lac, WI",msa,WI,11/30/2023,0.1,-0.1,0
394630,382,"Gettysburg, PA",msa,PA,11/30/2023,-0.1,-0.4,-1.6
394620,383,"Gadsden, AL",msa,AL,11/30/2023,0.3,0.4,0.2
394733,384,"Kalispell, MT",msa,MT,11/30/2023,-0.5,-1.8,2.1
394518,385,"Danville, VA",msa,VA,11/30/2023,0.4,0.6,1.7
394823,386,"Mankato, MN",msa,MN,11/30/2023,0,-0.3,-1.7
394794,387,"Lima, OH",msa,OH,11/30/2023,0.2,0.1,0
753915,388,"Salem, OH",msa,OH,11/30/2023,0.2,0.1,-0.9
395166,389,"Truckee, CA",msa,CA,11/30/2023,-0.5,-1.9,-4.2
395080,390,"Sebring, FL",msa,FL,11/30/2023,0.2,0,2.5
394462,391,"Cheyenne, WY",msa,WY,11/30/2023,-0.1,-0.9,-3
394689,392,"Hot Springs, AR",msa,AR,11/30/2023,-0.1,-0.3,1.2
394302,393,"Adrian, MI",msa,MI,11/30/2023,0,-0.1,-0.6
395090,394,"Shelby, NC",msa,NC,11/30/2023,-0.7,-0.7,1.9
394542,396,"Dubuque, IA",msa,IA,11/30/2023,-0.2,-1,-2.4
394852,397,"Meridian, MS",msa,MS,11/30/2023,-1,-2.4,-5.8
753912,398,"Pinehurst, NC",msa,NC,11/30/2023,0,-0.1,1.8
394953,399,"Paducah, KY",msa,KY,11/30/2023,0.3,0.2,-0.6
395190,400,"Victoria, TX",msa,TX,11/30/2023,-0.1,-0.6,-2
395038,401,"Rome, GA",msa,GA,11/30/2023,0.3,0.8,2.4
395086,402,"Sevierville, TN",msa,TN,11/30/2023,-0.3,-1.3,2.2
394882,403,"Moses Lake, WA",msa,WA,11/30/2023,0,-0.1,1.5
394340,404,"Ashtabula, OH",msa,OH,11/30/2023,0,0,0.6
394441,405,"Cape Girardeau, MO",msa,MO,11/30/2023,-0.2,-1,-2.2
394311,406,"Albertville, AL",msa,AL,11/30/2023,0.2,0.1,0.9
394580,407,"Fairbanks, AK",msa,AK,11/30/2023,-0.5,-2.1,-6.2
394410,408,"Brainerd, MN",msa,MN,11/30/2023,-0.3,-0.6,0.2
394513,409,"Cumberland, MD",msa,MD,11/30/2023,0,-0.1,-1.2
394928,410,"Ocean City, NJ",msa,NJ,11/30/2023,0.1,0,1.9
394505,411,"Corvallis, OR",msa,OR,11/30/2023,-0.1,-0.4,-0.8
394988,412,"Pocatello, ID",msa,ID,11/30/2023,0.3,0.3,3.3
394501,413,"Corning, NY",msa,NY,11/30/2023,-0.1,-1,-2.1
394911,414,"New Philadelphia, OH",msa,OH,11/30/2023,0.2,-0.2,-0.8
395140,415,"Sunbury, PA",msa,PA,11/30/2023,-1.5,-2.5,-5.7
395175,416,"Ukiah, CA",msa,CA,11/30/2023,-1,-3.1,-7.8
753887,417,"Hermiston, OR",msa,OR,11/30/2023,-0.1,-0.3,0.4
394469,418,"Clarksburg, WV",msa,WV,11/30/2023,-0.3,-0.7,-3.4
394964,419,"Parkersburg, WV",msa,WV,11/30/2023,0.2,0.1,-1.3
394373,420,"Beaver Dam, WI",msa,WI,11/30/2023,-0.1,0,-0.1
394980,421,"Pine Bluff, AR",msa,AR,11/30/2023,-0.4,-0.8,-2.6
394641,422,"Grants Pass, OR",msa,OR,11/30/2023,-0.2,-0.9,-2.6
394511,424,"Cullman, AL",msa,AL,11/30/2023,-0.4,-1.1,-1.5
394809,425,"Lufkin, TX",msa,TX,11/30/2023,-0.4,-0.7,-0.6
395248,426,"Zanesville, OH",msa,OH,11/30/2023,0.3,0.5,1.1
394907,427,"New Castle, PA",msa,PA,11/30/2023,0.2,0.2,-0.4
394925,428,"Oak Harbor, WA",msa,WA,11/30/2023,-0.2,-0.8,-1.1
394942,429,"Orangeburg, SC",msa,SC,11/30/2023,0.2,-0.1,-1
395212,430,"Watertown, WI",msa,WI,11/30/2023,-0.2,-0.4,-0.6
394847,431,"Meadville, PA",msa,PA,11/30/2023,-0.9,-1.9,-3.5
394568,432,"Elmira, NY",msa,NY,11/30/2023,0.2,-0.3,-1.8
394644,433,"Great Falls, MT",msa,MT,11/30/2023,0.3,0.6,1.6
394776,434,"Laurel, MS",msa,MS,11/30/2023,-1.1,-2.6,-5.6
395042,435,"Russellville, AR",msa,AR,11/30/2023,-0.2,-0.5,-2.4
394704,436,"Indiana, PA",msa,PA,11/30/2023,0.3,0.1,-2
394859,437,"Midland, MI",msa,MI,11/30/2023,0.2,0.2,0.2
394755,438,"Kokomo, IN",msa,IN,11/30/2023,0,0.2,0.1
394395,439,"Bloomsburg, PA",msa,PA,11/30/2023,-0.1,-0.4,-2.7
394941,440,"Opelousas, LA",msa,LA,11/30/2023,-1.1,-2.4,-7.5
394675,441,"Helena, MT",msa,MT,11/30/2023,-0.3,-0.8,1.1
394744,442,"Key West, FL",msa,FL,11/30/2023,0.1,0,2.6
395145,443,"Talladega, AL",msa,AL,11/30/2023,-0.2,-0.5,-0.8
395133,444,"Stillwater, OK",msa,OK,11/30/2023,0,-0.5,-1.9
394489,445,"Columbus, IN",msa,IN,11/30/2023,0,0,0
394345,446,"Athens, TX",msa,TX,11/30/2023,-0.6,-1.6,-1.8
394452,447,"Centralia, WA",msa,WA,11/30/2023,0.1,-0.1,1.8
394822,448,"Manitowoc, WI",msa,WI,11/30/2023,0.3,0.6,1.8
394682,449,"Hinesville, GA",msa,GA,11/30/2023,0.2,-0.1,1.6
394541,450,"DuBois, PA",msa,PA,11/30/2023,-0.7,-1.7,-6.1
395205,451,"Warsaw, IN",msa,IN,11/30/2023,-0.3,-0.5,-0.5
394986,452,"Plattsburgh, NY",msa,NY,11/30/2023,0.1,-0.4,-1.2
395126,453,"Statesboro, GA",msa,GA,11/30/2023,0.5,0.6,2.3
394445,454,"Casper, WY",msa,WY,11/30/2023,0,-0.5,-1.6
395231,455,"Wilson, NC",msa,NC,11/30/2023,0.1,0.2,2.6
753881,456,"Glenwood Springs, CO",msa,CO,11/30/2023,0.1,-0.5,0.7
395085,457,"Seneca, SC",msa,SC,11/30/2023,-0.1,-0.3,1.1
394866,458,"Minot, ND",msa,ND,11/30/2023,-0.4,-1.3,-4.1
394936,459,"Olean, NY",msa,NY,11/30/2023,0.2,0.3,1.3
394465,460,"Chillicothe, OH",msa,OH,11/30/2023,0.5,0.9,1
395077,461,"Searcy, AR",msa,AR,11/30/2023,0.1,0.2,-0.3
394638,462,"Grand Island, NE",msa,NE,11/30/2023,0,-0.2,-0.9
394994,463,"Port Angeles, WA",msa,WA,11/30/2023,0.1,-0.4,0.2
394350,464,"Auburn, NY",msa,NY,11/30/2023,0.3,0.1,0
394699,465,"Huntsville, TX",msa,TX,11/30/2023,-0.6,-1.3,-2.6
394738,466,"Keene, NH",msa,NH,11/30/2023,0.1,0.1,2.1
394674,467,"Heber, UT",msa,UT,11/30/2023,-0.4,-0.5,2
395010,468,"Quincy, IL",msa,IL,11/30/2023,0.3,0,-2.5
395062,469,"Sandusky, OH",msa,OH,11/30/2023,0.1,-0.3,-0.5
394593,470,"Findlay, OH",msa,OH,11/30/2023,0.2,0.2,-0.8
394614,471,"Frankfort, KY",msa,KY,11/30/2023,0.4,0.6,0.8
394516,472,"Danville, IL",msa,IL,11/30/2023,-0.2,-0.9,-2.9
394298,473,"Aberdeen, WA",msa,WA,11/30/2023,-0.2,-0.6,1
394999,474,"Portsmouth, OH",msa,OH,11/30/2023,0.5,0,-1.7
395106,475,"Somerset, PA",msa,PA,11/30/2023,-0.4,-0.7,-1
753928,476,"Wisconsin Rapids, WI",msa,WI,11/30/2023,0,-0.3,-1.1
753893,477,"Jefferson, GA",msa,GA,11/30/2023,0.1,0.1,2
394736,478,"Kapaa, HI",msa,HI,11/30/2023,-0.1,0,0.9
394955,479,"Palatka, FL",msa,FL,11/30/2023,0.2,1.2,3.6
394626,480,"Gallup, NM",msa,NM,11/30/2023,-0.4,-1.4,-4
394683,481,"Hobbs, NM",msa,NM,11/30/2023,-1,-3.1,-11
395088,482,"Shawnee, OK",msa,OK,11/30/2023,0.3,0.6,2.5
394884,484,"Mount Airy, NC",msa,NC,11/30/2023,0.5,0.6,2.4
395132,485,"Stevens Point, WI",msa,WI,11/30/2023,-0.1,-0.2,-1.2
394647,486,"Greeneville, TN",msa,TN,11/30/2023,0.3,0.8,3.2
394655,488,"Greenwood, SC",msa,SC,11/30/2023,-0.2,0.2,1.1
394764,489,"Lake City, FL",msa,FL,11/30/2023,0,0.2,2.2
394752,490,"Klamath Falls, OR",msa,OR,11/30/2023,0.1,0,1.2
394877,491,"Morehead City, NC",msa,NC,11/30/2023,0.2,0.3,2
394472,492,"Clearlake, CA",msa,CA,11/30/2023,-0.6,-1.8,-4.5
394305,493,"Alamogordo, NM",msa,NM,11/30/2023,0.2,0,1.2
395027,494,"Roanoke Rapids, NC",msa,NC,11/30/2023,-0.1,-0.1,-0.3
394587,495,"Farmington, MO",msa,MO,11/30/2023,-0.3,-0.5,-0.5
394897,496,"Muskogee, OK",msa,OK,11/30/2023,0.3,0.4,1.5
394826,497,"Marion, IN",msa,IN,11/30/2023,0.2,0.1,-0.3
394586,498,"Faribault, MN",msa,MN,11/30/2023,0,-0.1,-1.3
395021,499,"Richmond, IN",msa,IN,11/30/2023,-0.2,-0.5,-0.7
394829,500,"Marquette, MI",msa,MI,11/30/2023,-0.2,-0.6,-0.6
394922,501,"North Wilkesboro, NC",msa,NC,11/30/2023,-0.4,-0.6,1.5
394885,502,"Mount Pleasant, MI",msa,MI,11/30/2023,0,0.4,0.1
395024,503,"Rio Grande City, TX",msa,TX,11/30/2023,0,-1.3,-4.7
394827,504,"Marion, OH",msa,OH,11/30/2023,-0.3,-0.6,-0.3
394360,505,"Baraboo, WI",msa,WI,11/30/2023,-0.2,-0.4,-0.7
395016,506,"Red Bluff, CA",msa,CA,11/30/2023,-0.3,-1,-1.9
394825,507,"Marinette, WI",msa,WI,11/30/2023,-0.2,-0.5,0.6
395040,509,"Roswell, NM",msa,NM,11/30/2023,-0.5,-1.2,-3.6
395092,510,"Shelton, WA",msa,WA,11/30/2023,0,-0.3,0.7
394540,511,"Dublin, GA",msa,GA,11/30/2023,0.1,0.2,-0.2
394899,512,"Nacogdoches, TX",msa,TX,11/30/2023,-0.2,-0.5,-1.2
395105,513,"Somerset, KY",msa,KY,11/30/2023,-0.2,0.1,0.6
394496,514,"Coos Bay, OR",msa,OR,11/30/2023,-0.1,-0.3,0.5
394600,515,"Forest City, NC",msa,NC,11/30/2023,0.1,0.2,1.3
394836,516,"Martinsville, VA",msa,VA,11/30/2023,0.3,0.1,0.6
395020,517,"Rexburg, ID",msa,ID,11/30/2023,-0.5,-1.5,0.9
394787,518,"Lewiston, ID",msa,ID,11/30/2023,-0.2,-0.6,0.3
394759,519,"Laconia, NH",msa,NH,11/30/2023,0.2,0.4,3.2
394629,520,"Georgetown, SC",msa,SC,11/30/2023,0,-0.2,0.9
394343,521,"Athens, OH",msa,OH,11/30/2023,-0.2,-0.6,-2.6
395063,522,"Sanford, NC",msa,NC,11/30/2023,0,0.1,3.1
394570,523,"Enid, OK",msa,OK,11/30/2023,-0.1,-1,-4.1
394889,524,"Mount Vernon, OH",msa,OH,11/30/2023,0.1,-0.1,0.1
395199,525,"Walla Walla, WA",msa,WA,11/30/2023,-0.1,-0.2,0
394309,526,"Albemarle, NC",msa,NC,11/30/2023,0.3,0.3,2.5
394701,527,"Hutchinson, KS",msa,KS,11/30/2023,-0.2,-0.9,-1.9
394693,528,"Hudson, NY",msa,NY,11/30/2023,-0.1,-0.1,1.7
395124,529,"Starkville, MS",msa,MS,11/30/2023,-0.3,-1.1,-3.7
394443,530,"Carlsbad, NM",msa,NM,11/30/2023,-0.5,-1.9,-5.6
394631,531,"Gillette, WY",msa,WY,11/30/2023,-0.4,-1.2,-3.8
395136,532,"Sturgis, MI",msa,MI,11/30/2023,0.2,-0.1,-1
395044,533,"Rutland, VT",msa,VT,11/30/2023,0.1,0.1,0.4
394509,534,"Crossville, TN",msa,TN,11/30/2023,0.4,0.8,4.1
395071,536,"Sayre, PA",msa,PA,11/30/2023,0.2,-0.3,-2.2
395049,537,"Salina, KS",msa,KS,11/30/2023,-0.1,-0.6,-1.5
753903,538,"Marietta, OH",msa,OH,11/30/2023,-0.2,-0.7,-2.7
394591,539,"Fergus Falls, MN",msa,MN,11/30/2023,0,-0.5,-0.9
394362,540,"Barre, VT",msa,VT,11/30/2023,-0.2,-0.5,-0.3
394618,541,"Fremont, OH",msa,OH,11/30/2023,0.3,0,-0.5
394939,542,"Oneonta, NY",msa,NY,11/30/2023,0,-0.4,-1.2
394490,543,"Columbus, MS",msa,MS,11/30/2023,0,-0.6,-4
394923,544,"Norwalk, OH",msa,OH,11/30/2023,0.2,0.4,-0.9
394365,545,"Batavia, NY",msa,NY,11/30/2023,0.2,-0.1,0
394336,546,"Ardmore, OK",msa,OK,11/30/2023,0,-0.3,0.5
394956,547,"Palestine, TX",msa,TX,11/30/2023,0,0.1,1.2
394605,548,"Fort Madison, IA",msa,IA,11/30/2023,0.3,-0.3,-3.5
394456,549,"Charleston, IL",msa,IL,11/30/2023,0.1,-0.1,-2.1
394592,550,"Fernley, NV",msa,NV,11/30/2023,-0.2,-1.2,-2.3
394444,551,"Carson City, NV",msa,NV,11/30/2023,0.1,-0.3,-1.1
394551,552,"Eagle Pass, TX",msa,TX,11/30/2023,0,-1.1,-3.5
394432,553,"Calhoun, GA",msa,GA,11/30/2023,0.3,0.6,2.9
753877,554,"Cullowhee, NC",msa,NC,11/30/2023,0.3,0,1.2
394737,555,"Kearney, NE",msa,NE,11/30/2023,-0.2,-0.7,-2.2
394582,556,"Fairmont, WV",msa,WV,11/30/2023,-0.2,-0.5,-2.7
394940,557,"Ontario, OR",msa,OR,11/30/2023,-0.3,-0.9,2.8
394621,558,"Gaffney, SC",msa,SC,11/30/2023,-0.5,-0.4,-2.1
394977,559,"Picayune, MS",msa,MS,11/30/2023,0.2,-0.2,-2.4
395131,560,"Sterling, IL",msa,IL,11/30/2023,0,-0.4,-1.6
394411,561,"Branson, MO",msa,MO,11/30/2023,-0.3,-0.7,1.3
394446,562,"Cedar City, UT",msa,UT,11/30/2023,-0.1,-0.5,0.8
395216,563,"Waycross, GA",msa,GA,11/30/2023,0.3,0.7,2.1
394951,564,"Oxford, MS",msa,MS,11/30/2023,0.2,-0.2,-1.4
394721,565,"Jasper, IN",msa,IN,11/30/2023,-0.1,-0.5,-1.2
394556,566,"Edwards, CO",msa,CO,11/30/2023,0.2,0.2,2.7
394547,567,"Durango, CO",msa,CO,11/30/2023,0,-0.6,-0.1
394750,568,"Kinston, NC",msa,NC,11/30/2023,0.1,0.4,2.9
753920,569,"Sonora, CA",msa,CA,11/30/2023,-0.8,-2.4,-4.8
395157,570,"Tiffin, OH",msa,OH,11/30/2023,0.4,0.4,-0.2
394366,571,"Batesville, AR",msa,AR,11/30/2023,-0.5,-1.4,-4
394989,572,"Point Pleasant, WV",msa,OH,11/30/2023,0,-0.6,-1.7
394566,573,"Elko, NV",msa,NV,11/30/2023,0.1,-0.6,-2.5
394517,574,"Danville, KY",msa,KY,11/30/2023,0.1,0.2,0.7
394632,575,"Glasgow, KY",msa,KY,11/30/2023,0.2,0.6,0.7
395122,576,"St. Marys, GA",msa,GA,11/30/2023,0.2,0.4,2.2
394402,577,"Boone, NC",msa,NC,11/30/2023,0.1,0,2.6
395204,578,"Warrensburg, MO",msa,MO,11/30/2023,-0.4,-0.7,-0.9
394634,579,"Gloversville, NY",msa,NY,11/30/2023,0.4,0.1,-0.3
394604,580,"Fort Leonard Wood, MO",msa,MO,11/30/2023,0.1,-0.2,-0.7
394993,581,"Poplar Bluff, MO",msa,MO,11/30/2023,-0.6,-1.5,-3.6
394562,582,"Elizabeth City, NC",msa,NC,11/30/2023,0.2,0.2,0.3
394967,583,"Payson, AZ",msa,AZ,11/30/2023,0.1,-0.3,1.3
394344,584,"Athens, TN",msa,TN,11/30/2023,0.3,0.4,2.1
394571,585,"Enterprise, AL",msa,AL,11/30/2023,0.2,-0.2,-1.3
394339,586,"Ashland, OH",msa,OH,11/30/2023,0.1,-0.6,-0.7
395073,587,"Scottsboro, AL",msa,AL,11/30/2023,0.1,0,0.3
394861,588,"Milledgeville, GA",msa,GA,11/30/2023,0.3,0.4,0.9
394742,589,"Kerrville, TX",msa,TX,11/30/2023,-0.3,-0.9,-1.1
394363,590,"Bartlesville, OK",msa,OK,11/30/2023,0.3,0.2,-0.1
394985,591,"Platteville, WI",msa,WI,11/30/2023,-0.3,-0.4,-1.1
394503,592,"Corsicana, TX",msa,TX,11/30/2023,-0.4,-0.7,0.1
394652,593,"Greenville, OH",msa,OH,11/30/2023,0.1,-0.4,-0.3
395029,594,"Rochelle, IL",msa,IL,11/30/2023,0.4,0.5,-1.2
394538,596,"Douglas, GA",msa,GA,11/30/2023,0,0,0.9
394933,597,"Oil City, PA",msa,PA,11/30/2023,-0.1,-0.2,-1.2
394838,598,"Mason City, IA",msa,IA,11/30/2023,0,-0.6,-2.1
394717,599,"Jacksonville, TX",msa,TX,11/30/2023,-0.1,0.2,2.1
394625,600,"Galesburg, IL",msa,IL,11/30/2023,0.9,0.1,-4
394954,601,"Pahrump, NV",msa,NV,11/30/2023,0,-0.4,0.8
394963,602,"Paris, TX",msa,TX,11/30/2023,-0.7,-2,-3.1
395234,603,"Winona, MN",msa,MN,11/30/2023,0.2,-0.2,-1.2
753905,604,"Newport, OR",msa,OR,11/30/2023,-0.1,-0.3,1.3
394878,605,"Morgan City, LA",msa,LA,11/30/2023,0.3,0.4,-4.6
395091,606,"Shelbyville, TN",msa,TN,11/30/2023,0.3,0.5,2.7
394326,607,"Amsterdam, NY",msa,NY,11/30/2023,0.5,0.3,0.5
753911,608,"Ozark, AL",msa,AL,11/30/2023,0.1,0.3,-0.1
394316,609,"Alice, TX",msa,TX,11/30/2023,-0.9,-2.2,-8.9
394628,610,"Gardnerville Ranchos, NV",msa,NV,11/30/2023,-0.1,-0.8,-1.3
394608,611,"Fort Polk South, LA",msa,LA,11/30/2023,-0.2,-1,-4.4
394437,612,"Ca-Â¦on City, CO",msa,CO,11/30/2023,-0.3,-0.5,0.4
394903,613,"Natchez, MS",msa,LA,11/30/2023,-1.2,-3.5,-7.3
394906,614,"New Castle, IN",msa,IN,11/30/2023,0.1,0.2,1.5
394478,615,"Clovis, NM",msa,NM,11/30/2023,-1,-2.4,-5.5
394919,616,"Norfolk, NE",msa,NE,11/30/2023,0,-0.6,-2
394431,617,"Cadillac, MI",msa,MI,11/30/2023,-0.2,0.3,0.3
395043,618,"Ruston, LA",msa,LA,11/30/2023,-0.1,-0.9,-4.4
395097,619,"Sidney, OH",msa,OH,11/30/2023,0.1,-0.6,-1.6
395008,620,"Pullman, WA",msa,WA,11/30/2023,0.1,0.2,0.4
394819,621,"Malone, NY",msa,NY,11/30/2023,-0.1,0.1,-0.2
394527,622,"Del Rio, TX",msa,TX,11/30/2023,0.3,0.2,-0.6
394391,623,"Blackfoot, ID",msa,ID,11/30/2023,-0.1,-0.9,1.7
395017,624,"Red Wing, MN",msa,MN,11/30/2023,-0.1,-0.2,-1.4
394918,625,"Nogales, AZ",msa,AZ,11/30/2023,0.2,0.1,1.9
395144,626,"Tahlequah, OK",msa,OK,11/30/2023,-0.2,-0.4,1.2
394739,627,"Kendallville, IN",msa,IN,11/30/2023,-0.3,-0.3,0.2
394876,628,"Montrose, CO",msa,CO,11/30/2023,-0.1,-0.6,0.3
394504,629,"Cortland, NY",msa,NY,11/30/2023,0.1,-0.3,-1.7
394887,630,"Mount Sterling, KY",msa,KY,11/30/2023,0,0.2,0.5
394477,631,"Clinton, IA",msa,IA,11/30/2023,-0.2,-0.9,-2.7
753916,632,"Sandpoint, ID",msa,ID,11/30/2023,-0.4,-1.4,1.9
753865,633,"Bardstown, KY",msa,KY,11/30/2023,0.2,0.4,1
395201,634,"Wapakoneta, OH",msa,OH,11/30/2023,0.1,-0.4,-1.3
394987,635,"Plymouth, IN",msa,IN,11/30/2023,-0.2,-0.6,0
394789,636,"Lewistown, PA",msa,PA,11/30/2023,0,0.3,0.6
394379,637,"Bemidji, MN",msa,MN,11/30/2023,0.1,-0.4,-0.6
394377,638,"Bellefontaine, OH",msa,OH,11/30/2023,0.1,0.1,0.2
395087,639,"Seymour, IN",msa,IN,11/30/2023,0,-0.2,-0.4
394426,640,"Burley, ID",msa,ID,11/30/2023,-0.1,-0.4,2.2
394548,641,"Durant, OK",msa,OK,11/30/2023,0.2,0.4,1.8
394883,642,"Moultrie, GA",msa,GA,11/30/2023,0.7,0.9,-0.3
394398,643,"Bogalusa, LA",msa,LA,11/30/2023,-0.4,-1,-5.7
394500,644,"Cornelia, GA",msa,GA,11/30/2023,0.2,0.5,3.4
753889,645,"Hillsdale, MI",msa,MI,11/30/2023,0,-0.6,-1.9
395155,646,"Thomasville, GA",msa,GA,11/30/2023,0.4,0.8,1
394961,647,"Paragould, AR",msa,AR,11/30/2023,-0.2,-0.5,-1.2
394650,648,"Greenville, MS",msa,MS,11/30/2023,-1.5,-5.3,-15.1
394427,649,"Burlington, IA",msa,IA,11/30/2023,0,-0.8,-4.4
394817,650,"Madisonville, KY",msa,KY,11/30/2023,0.7,1,1.1
394850,651,"Menomonie, WI",msa,WI,11/30/2023,-0.5,-1,-1
753918,652,"Shawano, WI",msa,WI,11/30/2023,0,-0.1,0.6
395189,653,"Vicksburg, MS",msa,MS,11/30/2023,-0.1,-1.1,-5
394375,654,"Bedford, IN",msa,IN,11/30/2023,0,-0.1,1
395208,656,"Washington, NC",msa,NC,11/30/2023,0.5,0.8,2
394616,657,"Freeport, IL",msa,IL,11/30/2023,0.1,0.1,0.5
394667,658,"Harrison, AR",msa,AR,11/30/2023,0,-0.2,0.8
395037,659,"Rolla, MO",msa,MO,11/30/2023,-0.1,-0.4,-0.7
394482,660,"Coldwater, MI",msa,MI,11/30/2023,0.2,0,-1.6
753904,661,"Marion, NC",msa,NC,11/30/2023,0.4,0.9,1.9
394695,662,"Huntingdon, PA",msa,PA,11/30/2023,-0.3,-1.5,-2.5
394567,663,"Ellensburg, WA",msa,WA,11/30/2023,-0.3,-0.9,-0.5
394990,664,"Ponca City, OK",msa,OK,11/30/2023,-0.1,-0.2,-0.8
394779,665,"Lawrenceburg, TN",msa,TN,11/30/2023,0.1,0.6,2.7
394842,666,"McAlester, OK",msa,OK,11/30/2023,0.3,0.5,0.4
394886,667,"Mount Pleasant, TX",msa,TX,11/30/2023,0,-0.1,0.7
395228,668,"Willmar, MN",msa,MN,11/30/2023,0,-0.4,-0.9
395034,669,"Rockingham, NC",msa,NC,11/30/2023,0.2,0.4,0.8
394895,670,"Muscatine, IA",msa,IA,11/30/2023,-0.2,-1.1,-3.5
394785,671,"Lewisburg, PA",msa,PA,11/30/2023,0,-0.3,-1.7
394349,672,"Auburn, IN",msa,IN,11/30/2023,0,-0.3,-0.3
394545,673,"Duncan, OK",msa,OK,11/30/2023,0.5,0.5,0.4
395081,674,"Sedalia, MO",msa,MO,11/30/2023,0.4,1.1,2.3
394448,675,"Cedartown, GA",msa,GA,11/30/2023,0.1,0.5,3.8
394677,676,"Henderson, NC",msa,NC,11/30/2023,0.4,0.8,2.9
394297,677,"Aberdeen, SD",msa,SD,11/30/2023,0.1,-0.3,-1.8
395032,678,"Rock Springs, WY",msa,WY,11/30/2023,-0.2,-0.6,-3.5
394627,679,"Garden City, KS",msa,KS,11/30/2023,-0.2,-0.7,-1.4
395129,680,"Stephenville, TX",msa,TX,11/30/2023,0,0.1,1.3
394449,681,"Celina, OH",msa,OH,11/30/2023,0.1,-0.4,-0.5
395230,682,"Wilmington, OH",msa,OH,11/30/2023,0,0.3,0.8
394424,683,"Bucyrus, OH",msa,OH,11/30/2023,-0.1,0,1.1
394319,684,"Alma, MI",msa,MI,11/30/2023,-0.6,-0.8,-2
394558,685,"El Campo, TX",msa,TX,11/30/2023,-0.7,-1.9,-4.1
394891,686,"Mountain Home, AR",msa,AR,11/30/2023,-0.3,-1,-1.4
394624,687,"Gainesville, TX",msa,TX,11/30/2023,-0.3,-0.6,-0.3
395158,688,"Tifton, GA",msa,GA,11/30/2023,0.1,-0.1,-0.8
394397,689,"Blytheville, AR",msa,AR,11/30/2023,0.4,0.1,-2.7
394845,690,"McMinnville, TN",msa,TN,11/30/2023,0.3,0.8,3.9
394341,691,"Astoria, OR",msa,OR,11/30/2023,-0.3,-0.7,0.3
394409,692,"Bradford, PA",msa,PA,11/30/2023,0,-0.5,-3.4
394574,693,"Espa-Â¦ola, NM",msa,NM,11/30/2023,0.2,0.1,-1.2
394844,694,"McComb, MS",msa,MS,11/30/2023,-1.9,-3.4,-8.4
753866,695,"Big Stone Gap, VA",msa,VA,11/30/2023,0.1,0.1,-1.2
394833,696,"Marshalltown, IA",msa,IA,11/30/2023,-0.2,-0.8,-2.3
394384,697,"Big Rapids, MI",msa,MI,11/30/2023,-0.3,-0.3,-0.4
394354,698,"Austin, MN",msa,MN,11/30/2023,0.1,0.1,0.3
395082,699,"Selinsgrove, PA",msa,PA,11/30/2023,-1.5,-2.6,-5.5
395219,700,"West Plains, MO",msa,MO,11/30/2023,-0.5,-0.8,1.2
394934,701,"Okeechobee, FL",msa,FL,11/30/2023,0.3,0.5,3.3
394690,702,"Houghton, MI",msa,MI,11/30/2023,0,0.1,-2
394881,703,"Moscow, ID",msa,ID,11/30/2023,-0.3,-0.6,0.7
394476,704,"Clewiston, FL",msa,FL,11/30/2023,0.6,1,5.1
395026,705,"Riverton, WY",msa,WY,11/30/2023,-0.1,-0.6,-0.1
394560,706,"El Dorado, AR",msa,AR,11/30/2023,-0.2,-0.6,-3.8
395083,707,"Selma, AL",msa,AL,11/30/2023,-1.3,-2.6,-7.9
394981,708,"Pittsburg, KS",msa,KS,11/30/2023,0.1,0,0.1
394663,709,"Hannibal, MO",msa,MO,11/30/2023,-0.1,-0.4,-1.1
395203,710,"Warren, PA",msa,PA,11/30/2023,0.6,0.7,1.1
394315,711,"Alexandria, MN",msa,MN,11/30/2023,0,-0.1,-0.9
395178,712,"Urbana, OH",msa,OH,11/30/2023,0.2,0,0.1
394654,713,"Greenwood, MS",msa,MS,11/30/2023,-1.9,-3.3,-5.7
394434,714,"Cambridge, OH",msa,OH,11/30/2023,0.2,0.4,0.2
395227,715,"Williston, ND",msa,ND,11/30/2023,-0.6,-1.7,-5.6
394526,716,"Defiance, OH",msa,OH,11/30/2023,0.3,-0.1,-1.5
395099,717,"Sikeston, MO",msa,MO,11/30/2023,-0.4,-1.5,-5.7
395046,718,"Safford, AZ",msa,AZ,11/30/2023,0,-0.3,-0.2
394715,719,"Jacksonville, IL",msa,IL,11/30/2023,0.9,0.7,-3.1
394300,720,"Ada, OK",msa,OK,11/30/2023,0.2,0.2,0.5
394422,721,"Brownwood, TX",msa,TX,11/30/2023,-0.3,-0.8,-1.7
394507,722,"Crawfordsville, IN",msa,IN,11/30/2023,-0.3,-0.7,-0.5
394801,723,"Logansport, IN",msa,IN,11/30/2023,-0.2,0.3,1.1
395072,724,"Scottsbluff, NE",msa,NE,11/30/2023,-0.1,-1.3,-2.9
394904,725,"Natchitoches, LA",msa,LA,11/30/2023,-1.1,-2.6,-7.7
394914,726,"Newberry, SC",msa,SC,11/30/2023,0.4,0.6,0.6
394799,727,"Lock Haven, PA",msa,PA,11/30/2023,-0.1,-0.8,-3.3
394451,728,"Centralia, IL",msa,IL,11/30/2023,-0.1,-0.9,-2.3
394554,729,"Easton, MD",msa,MD,11/30/2023,0.1,-0.2,-1.3
394948,730,"Owatonna, MN",msa,MN,11/30/2023,0.1,-0.2,-0.5
394888,731,"Mount Vernon, IL",msa,IL,11/30/2023,-0.1,-1,-3.8
394771,733,"Laramie, WY",msa,WY,11/30/2023,-0.3,-0.9,-1.7
394894,734,"Murray, KY",msa,KY,11/30/2023,-0.6,-0.6,0.9
394617,735,"Fremont, NE",msa,NE,11/30/2023,0,-0.3,-0.6
394382,736,"Bennington, VT",msa,VT,11/30/2023,-0.1,-0.3,0.6
395069,738,"Sault Ste. Marie, MI",msa,MI,11/30/2023,0.2,1,-0.4
394436,739,"Campbellsville, KY",msa,KY,11/30/2023,0.4,0.4,0.4
394550,740,"Dyersburg, TN",msa,TN,11/30/2023,0.7,0.9,-0.9
394573,742,"Escanaba, MI",msa,MI,11/30/2023,-0.4,-0.3,-0.2
394840,743,"Mayfield, KY",msa,KY,11/30/2023,0,0.3,1.3
394745,744,"Kill Devil Hills, NC",msa,NC,11/30/2023,0,-0.5,1.1
395137,745,"Sulphur Springs, TX",msa,TX,11/30/2023,-0.5,-0.9,-0.2
394702,746,"Hutchinson, MN",msa,MN,11/30/2023,0,-0.1,-0.6
394506,747,"Coshocton, OH",msa,OH,11/30/2023,0,-0.2,0
394696,748,"Huntington, IN",msa,IN,11/30/2023,0.1,0.1,0.4
394522,749,"DeRidder, LA",msa,LA,11/30/2023,1.2,0.4,-7.6
395192,750,"Vincennes, IN",msa,IN,11/30/2023,-0.1,0.1,1
394370,751,"Bay City, TX",msa,TX,11/30/2023,-0.5,-1.7,-5.6
394920,752,"North Platte, NE",msa,NE,11/30/2023,-0.1,-1,-3.1
394973,753,"Peru, IN",msa,IN,11/30/2023,-0.4,-0.2,-0.2
394992,754,"Pontiac, IL",msa,IL,11/30/2023,0.4,0.1,-0.9
394781,755,"Lebanon, MO",msa,MO,11/30/2023,0,-0.2,0.6
394915,756,"Newport, TN",msa,TN,11/30/2023,0.3,0.5,1.5
394525,757,"Decatur, IN",msa,IN,11/30/2023,0.2,0.2,0.3
395191,758,"Vidalia, GA",msa,GA,11/30/2023,0.5,0.4,0.6
394413,759,"Brenham, TX",msa,TX,11/30/2023,-0.3,-1.1,-1.9
395187,760,"Vernal, UT",msa,UT,11/30/2023,0.6,0.9,3.4
394947,762,"Ottumwa, IA",msa,IA,11/30/2023,0.3,0.8,-0.1
394430,764,"Butte, MT",msa,MT,11/30/2023,0,0.3,3.9
394499,765,"Corinth, MS",msa,MS,11/30/2023,-0.7,-1.6,-4.6
394417,766,"Brookhaven, MS",msa,MS,11/30/2023,-1,-2.6,-6.5
394569,767,"Emporia, KS",msa,KS,11/30/2023,0,0,-0.2
394713,768,"Jackson, WY",msa,WY,11/30/2023,0.1,0.1,3.5
394385,770,"Big Spring, TX",msa,TX,11/30/2023,0.9,-0.3,-5.9
394557,771,"Effingham, IL",msa,IL,11/30/2023,-0.2,-0.3,-1.8
394536,772,"Dodge City, KS",msa,KS,11/30/2023,0,-0.4,0.8
395211,773,"Watertown, SD",msa,SD,11/30/2023,-0.6,-1.1,-1.7
394331,774,"Angola, IN",msa,IN,11/30/2023,-0.3,-0.7,-0.2
394535,775,"Dixon, IL",msa,IL,11/30/2023,0.5,0.9,-1.2
394777,776,"Laurinburg, NC",msa,NC,11/30/2023,0.1,0.5,3.1
395149,777,"Taos, NM",msa,NM,11/30/2023,-1.2,-2.2,-3.7
394419,778,"Brookings, SD",msa,SD,11/30/2023,-0.2,-0.9,-1.9
394324,779,"Americus, GA",msa,GA,11/30/2023,0.1,0.2,0.9
394491,780,"Columbus, NE",msa,NE,11/30/2023,-0.1,-0.5,-1
395150,781,"Taylorville, IL",msa,IL,11/30/2023,0.1,-0.6,-3.5
394335,782,"Arcadia, FL",msa,FL,11/30/2023,-0.2,-0.4,2.1
394786,783,"Lewisburg, TN",msa,TN,11/30/2023,0,-0.1,1.3
395084,784,"Seneca Falls, NY",msa,NY,11/30/2023,0.1,-0.3,-0.3
394533,785,"Dickinson, ND",msa,ND,11/30/2023,-0.5,-1.9,-6.2
395207,787,"Washington, IN",msa,IN,11/30/2023,-0.1,-0.4,-0.1
395165,788,"Troy, AL",msa,AL,11/30/2023,0.2,0,-2.2
753902,789,"Malvern, AR",msa,AR,11/30/2023,0.1,0.1,-1.6
394613,790,"Frankfort, IN",msa,IN,11/30/2023,-0.1,0.2,1.9
394815,791,"Madison, IN",msa,IN,11/30/2023,-0.2,0,0.4
394414,792,"Brevard, NC",msa,NC,11/30/2023,0.1,0.1,2.7
395141,793,"Susanville, CA",msa,CA,11/30/2023,-0.5,-1.4,-3.4
394835,794,"Martin, TN",msa,TN,11/30/2023,0.6,1.3,2.2
394984,795,"Plainview, TX",msa,TX,11/30/2023,-0.7,-1.7,-4.4
753878,797,"Dayton, TN",msa,TN,11/30/2023,-0.3,-0.4,1.3
753892,798,"Jackson, OH",msa,OH,11/30/2023,0.2,0.3,-0.3
394433,799,"Cambridge, MD",msa,MD,11/30/2023,0,-0.2,-0.3
394962,800,"Paris, TN",msa,TN,11/30/2023,0.4,0.6,1.3
394730,802,"Juneau, AK",msa,AK,11/30/2023,-0.4,-1.4,-5
394481,803,"Coffeyville, KS",msa,KS,11/30/2023,-0.5,-1.1,-2.1
394774,804,"Las Vegas, NM",msa,NM,11/30/2023,-0.3,-0.9,-3.5
394383,805,"Berlin, NH",msa,NH,11/30/2023,0.2,0.8,3.7
394473,806,"Cleveland, MS",msa,MS,11/30/2023,-1.2,-3.1,-10.4
394670,807,"Hastings, NE",msa,NE,11/30/2023,-0.2,-0.8,-1.7
394376,808,"Beeville, TX",msa,TX,11/30/2023,-0.6,-1.6,-6.4
394749,809,"Kingsville, TX",msa,TX,11/30/2023,-0.8,-1.4,-4
395196,810,"Wabash, IN",msa,IN,11/30/2023,-0.2,-0.4,-0.7
753871,811,"Breckenridge, CO",msa,CO,11/30/2023,-0.8,-2.2,-2.4
394310,814,"Albert Lea, MN",msa,MN,11/30/2023,-0.1,-0.4,-0.4
395093,815,"Sheridan, WY",msa,WY,11/30/2023,-0.6,-1.1,-1.3
395176,816,"Union City, TN",msa,TN,11/30/2023,-0.1,0.1,0.2
394855,817,"Miami, OK",msa,OK,11/30/2023,0.2,0.1,-0.3
394708,818,"Iron Mountain, MI",msa,MI,11/30/2023,-0.1,-0.2,-1.6
394725,819,"Jesup, GA",msa,GA,11/30/2023,0.3,0.8,1.5
394846,820,"McPherson, KS",msa,KS,11/30/2023,-0.1,-0.8,-2.8
394751,821,"Kirksville, MO",msa,MO,11/30/2023,0,-0.5,-2.5
753901,822,"Ludington, MI",msa,MI,11/30/2023,-0.5,-0.9,-0.6
394356,823,"Bainbridge, GA",msa,GA,11/30/2023,0.3,0.6,2.5
394320,824,"Alpena, MI",msa,MI,11/30/2023,0.2,0.8,0
395206,825,"Washington Court House, OH",msa,OH,11/30/2023,0.1,0.2,0.2
394673,826,"Hays, KS",msa,KS,11/30/2023,0,-0.8,-2.6
394606,827,"Fort Morgan, CO",msa,CO,11/30/2023,-0.3,-0.8,-1.4
395185,828,"Van Wert, OH",msa,OH,11/30/2023,0.7,0.9,1.1
394740,830,"Kennett, MO",msa,MO,11/30/2023,-1.2,-3,-9.1
753926,831,"Weatherford, OK",msa,OK,11/30/2023,0,-0.7,-2.7
394892,832,"Mountain Home, ID",msa,ID,11/30/2023,0.3,0.6,4.5
394864,833,"Mineral Wells, TX",msa,TX,11/30/2023,-0.6,-1,0.1
394795,834,"Lincoln, IL",msa,IL,11/30/2023,0.5,0.2,-3
395100,835,"Silver City, NM",msa,NM,11/30/2023,-0.5,-0.6,-2.1
753879,836,"Elkins, WV",msa,WV,11/30/2023,0,-0.4,-3.6
394812,838,"Macomb, IL",msa,IL,11/30/2023,0.9,0.8,-2.3
394435,839,"Camden, AR",msa,AR,11/30/2023,-0.4,-0.6,-3.1
394508,840,"Crescent City, CA",msa,CA,11/30/2023,-0.3,-1.1,-2.1
394921,841,"North Vernon, IN",msa,IN,11/30/2023,0.1,0.5,1.8
395154,843,"Thomaston, GA",msa,GA,11/30/2023,0.4,1.1,6.5
394642,845,"Grants, NM",msa,NM,11/30/2023,0.6,1,1
394381,846,"Bennettsville, SC",msa,SC,11/30/2023,-1.2,-2.9,-8.6
394615,847,"Fredericksburg, TX",msa,TX,11/30/2023,-0.5,-2.6,-3.8
395159,848,"Toccoa, GA",msa,GA,11/30/2023,0.6,1.3,4.8
753923,849,"The Dalles, OR",msa,OR,11/30/2023,0,-0.1,0.2
394649,850,"Greensburg, IN",msa,IN,11/30/2023,-0.3,-0.4,0
394706,851,"Indianola, MS",msa,MS,11/30/2023,-2.4,-5.4,-10.6
394758,852,"La Grande, OR",msa,OR,11/30/2023,0,-0.1,0.3
753909,854,"Ottawa, KS",msa,KS,11/30/2023,0,-0.4,0.4
394912,855,"New Ulm, MN",msa,MN,11/30/2023,0,-0.9,-2.8
394791,856,"Lexington, NE",msa,NE,11/30/2023,-0.5,-1.5,-2.4
394643,857,"Great Bend, KS",msa,KS,11/30/2023,0.4,-0.1,-1.5
395110,858,"Spearfish, SD",msa,SD,11/30/2023,0.2,0.4,1.4
395214,859,"Wauchula, FL",msa,FL,11/30/2023,0.6,1.1,3.6
394830,860,"Marshall, MN",msa,MN,11/30/2023,-0.2,-0.7,-3.5
394529,861,"Deming, NM",msa,NM,11/30/2023,0.1,0.1,-2.9
394854,862,"Mexico, MO",msa,MO,11/30/2023,0.2,0.3,0.6
394584,863,"Fallon, NV",msa,NV,11/30/2023,0.3,0.1,-0.1
394322,864,"Altus, OK",msa,OK,11/30/2023,0.3,0,-1.1
395181,865,"Uvalde, TX",msa,TX,11/30/2023,-0.7,-1.5,-4.1
753884,866,"Hailey, ID",msa,ID,11/30/2023,0,-0.5,2.3
753921,867,"Steamboat Springs, CO",msa,CO,11/30/2023,0.2,-0.2,3.2
395138,868,"Summerville, GA",msa,GA,11/30/2023,0.2,0.8,3
394869,869,"Moberly, MO",msa,MO,11/30/2023,0.4,0.3,0.1
394858,870,"Middlesborough, KY",msa,KY,11/30/2023,-1.5,-2.6,-6.9
395236,871,"Woodward, OK",msa,OK,11/30/2023,-0.9,-2.1,-5.7
395004,872,"Prineville, OR",msa,OR,11/30/2023,0,-0.3,0.6
394687,875,"Hood River, OR",msa,OR,11/30/2023,0,-0.5,-0.9
394601,876,"Forrest City, AR",msa,AR,11/30/2023,-0.2,-1.4,-5.7
394494,877,"Connersville, IN",msa,IN,11/30/2023,0,0,1.5
394868,878,"Mitchell, SD",msa,SD,11/30/2023,-0.1,-0.6,-1.6
394831,879,"Marshall, MO",msa,MO,11/30/2023,-1.8,-3.8,-8.6
394418,880,"Brookings, OR",msa,OR,11/30/2023,-0.5,-1.1,-1.6
395241,881,"Yankton, SD",msa,SD,11/30/2023,-0.6,-1.6,-4
395198,882,"Wahpeton, ND",msa,ND,11/30/2023,-0.3,-1.1,-3.4
394818,883,"Magnolia, AR",msa,AR,11/30/2023,-0.6,-1.5,-5.8
394564,884,"Elk City, OK",msa,OK,11/30/2023,0.2,-0.7,-4.9
394793,885,"Liberal, KS",msa,KS,11/30/2023,-0.1,-0.5,-2.8
395239,885,"Worthington, MN",msa,MN,11/30/2023,-0.4,-0.4,-1
394945,887,"Oskaloosa, IA",msa,IA,11/30/2023,0.2,-0.2,-1
394959,888,"Pampa, TX",msa,TX,11/30/2023,0.1,-0.2,-2.7
394470,889,"Clarksdale, MS",msa,MS,11/30/2023,-1.5,-2.7,-7
395130,890,"Sterling, CO",msa,CO,11/30/2023,-0.2,-0.7,-0.8
394371,891,"Beatrice, NE",msa,NE,11/30/2023,-0.3,-1.4,-2.3
394718,892,"Jamestown, ND",msa,ND,11/30/2023,-0.9,-2.3,-6.9
394784,893,"Levelland, TX",msa,TX,11/30/2023,-0.2,-1.2,-4.6
394656,894,"Grenada, MS",msa,MS,11/30/2023,0.4,0.3,-0.9
394837,895,"Maryville, MO",msa,MO,11/30/2023,-0.5,-0.8,-1
394337,896,"Arkadelphia, AR",msa,AR,11/30/2023,-0.1,-0.4,-1.6
394544,897,"Dumas, TX",msa,TX,11/30/2023,-0.7,-2,-6.8
394659,898,"Guymon, OK",msa,OK,11/30/2023,-0.3,-0.7,-2
394403,899,"Borger, TX",msa,TX,11/30/2023,-0.5,-1.5,-6.1
394979,900,"Pierre, SD",msa,SD,11/30/2023,-0.2,-0.9,-2.8
394700,901,"Huron, SD",msa,SD,11/30/2023,-1,-1.5,-4.2
395135,903,"Storm Lake, IA",msa,IA,11/30/2023,0.4,-0.2,-1
394498,905,"Cordele, GA",msa,GA,11/30/2023,0,0.1,0.6
394578,906,"Evanston, WY",msa,WY,11/30/2023,-0.2,-0.7,0
395014,907,"Raymondville, TX",msa,TX,11/30/2023,-1.2,-2.4,-7.8
753914,908,"Port Lavaca, TX",msa,TX,11/30/2023,-0.7,-1.5,-3.7
753908,909,"Othello, WA",msa,WA,11/30/2023,0,0.3,2
753925,910,"Vineyard Haven, MA",msa,MA,11/30/2023,0.2,0.1,2.3
394965,911,"Parsons, KS",msa,KS,11/30/2023,-0.1,-0.5,-1.4
395003,912,"Price, UT",msa,UT,11/30/2023,-0.1,-0.1,2.9
394996,915,"Portales, NM",msa,NM,11/30/2023,-0.7,-2,-6.4
394805,916,"Los Alamos, NM",msa,NM,11/30/2023,0.6,0.4,0.8
394678,918,"Hereford, TX",msa,TX,11/30/2023,0.1,-0.3,0.3
394330,920,"Andrews, TX",msa,TX,11/30/2023,0.2,0,-3.2
395112,922,"Spirit Lake, IA",msa,IA,11/30/2023,0,-0.3,-0.7
394594,923,"Fitzgerald, GA",msa,GA,11/30/2023,-0.5,-0.2,1.6
753927,924,"Winnemucca, NV",msa,NV,11/30/2023,0.3,-0.3,-0.6
394841,925,"Maysville, KY",msa,KY,11/30/2023,0,0,0.3
395104,926,"Snyder, TX",msa,TX,11/30/2023,-0.8,-1.7,-5.8
394676,927,"Helena, AR",msa,AR,11/30/2023,-1.1,-3.2,-10.5
395111,928,"Spencer, IA",msa,IA,11/30/2023,0,-0.8,-2.1
394342,929,"Atchison, KS",msa,KS,11/30/2023,0.2,0.7,1.5
753880,930,"Fairfield, IA",msa,IA,11/30/2023,-0.1,-1.1,-3.4
395186,932,"Vermillion, SD",msa,SD,11/30/2023,-0.2,-0.3,-0.3
395142,933,"Sweetwater, TX",msa,TX,11/30/2023,-1,-2.8,-8.2
394968,934,"Pecos, TX",msa,TX,11/30/2023,-1.6,-3.4,-9.1
753929,935,"Zapata, TX",msa,TX,11/30/2023,-1.6,-3.9,-9.5
394743,936,"Ketchikan, AK",msa,AK,11/30/2023,-0.5,-1,-3.8
753874,937,"Craig, CO",msa,CO,11/30/2023,0,-0.3,1
395188,938,"Vernon, TX",msa,TX,11/30/2023,-1.3,-2.8,-5
394767,939,"Lamesa, TX",msa,TX,11/30/2023,-0.7,-2.1,-7.2